{
  "Decision Tree": {
    "accuracy": 0.7441860465116279,
    "precision": 0.749049313926479,
    "recall": 0.7441860465116279,
    "f1_score": 0.7458828464056712
  },
  "Random Forest": {
    "accuracy": 0.8694282945736435,
    "precision": 0.8694904972412344,
    "recall": 0.8694282945736435,
    "f1_score": 0.8682240762798935
  },
  "Better Model": "Random Forest"
}